id,symbol,name,market_cap,market_cap_rank,current_price,circulating_supply,total_supply,max_supply,supply,segment,has_buybacks,defillama_slugs,price_source
bitcoin,BTC,Bitcoin,1678292666274.0,1.0,83537.0,20090909.0,20090909.0,21000000.0,20090909.0,top,False,,Binance
ethereum,ETH,Ethereum,329023967116.0,2.0,2694.96,122090190.71225758,122090190.7122575,,122090190.7122575,top,False,,Binance
ripple,XRP,XRP,94322283035.0,5.0,1.5,62879209849.0,99985622230.0,100000000000.0,99985622230.0,top,False,,Binance
solana,SOL,Solana,70094191053.0,7.0,119.23,587851546.4393663,634918223.6294472,,634918223.6294472,top,False,,Binance
tron,TRX,TRON,31834098837.0,8.0,0.33518,94974411599.97778,94974505457.3628,,94974505457.3628,top,False,,Binance
zcash,ZEC,Zcash,24087849607.0,9.0,1420.57,16958570.4780448,16959348.6030448,21000000.0,16959348.6030448,top,False,,Binance
hyperliquid,HYPE,Hyperliquid,19201176166.0,11.0,86.31,222445714.07414138,955307079.4341414,1000000000.0,955307079.4341414,top,True,hyperliquid-perps;hyperliquid-spot-orderbook,CoinGecko
dogecoin,DOGE,Dogecoin,14695902944.0,12.0,0.094149,156119746383.7052,156119856383.7052,,156119856383.7052,top,False,,Binance
chainlink,LINK,Chainlink,10955521395.0,13.0,14.65,748099970.424884,1000000000.0,1000000000.0,1000000000.0,top,True,chainlink-staking,Binance
monero,XMR,Monero,10164443226.0,14.0,540.36,18811101.07764899,18811128.67478317,,18811128.67478317,top,False,,CoinGecko
whitebit,WBT,WhiteBIT Coin,9933231197.0,15.0,83.54,118852171.0,293421670.0,400000000.0,293421670.0,top,False,,CoinGecko
cardano,ADA,Cardano,9182294224.0,17.0,0.244695,37535193928.91081,45000000000.0,45000000000.0,45000000000.0,top,False,,Binance
rain,RAIN,Rain,9013620357.0,18.0,0.01271346,709245797275.3589,1142408526965.963,1150000000000.0,1142408526965.963,top,True,rain,CoinGecko
leo-token,LEO,LEO Token,8286989579.0,19.0,9.01,919857851.9,985239504.0,,985239504.0,top,False,,CoinGecko
stellar,XLM,Stellar,7820064827.0,20.0,0.223255,35019575353.44201,50001786839.69947,,50001786839.69947,top,False,,Binance
near,NEAR,NEAR Protocol,6626064478.0,21.0,5.07,1307634913.0,1307634857.0,,1307634857.0,top,True,near-intents,Binance
bitcoin-cash,BCH,Bitcoin Cash,6199702080.0,22.0,308.5,20096034.27165077,20096343.64665077,21000000.0,20096343.64665077,top,False,,Binance
uniswap,UNI,Uniswap,5585575090.0,23.0,9.01,620366422.6104751,887610418.9163101,1000000000.0,887610418.9163101,top,True,uniswap-v2;uniswap-v3,Binance
litecoin,LTC,Litecoin,5245158170.0,24.0,67.54,77661004.54062483,77663992.04862209,84000000.0,77663992.04862209,top,False,,Binance
canton-network,CC,Canton,5033756735.0,25.0,0.126722,39721127193.82211,39722049251.72613,,39722049251.72613,top,False,,CoinGecko
avalanche-2,AVAX,Avalanche,5023419972.0,26.0,11.34,443093486.79981536,469762336.1824976,720000000.0,469762336.1824976,top,False,,Binance
sui,SUI,Sui,4724912319.0,28.0,1.15,4096537146.5409594,10000000000.0,10000000000.0,10000000000.0,top,False,,Binance
hedera-hashgraph,HBAR,Hedera,4608892946.0,29.0,0.105115,43831706396.689674,50000000000.0,50000000000.0,50000000000.0,top,False,,Binance
the-open-network,GRAM,Gram (prev. Toncoin),4298157773.0,32.0,1.53,2815822880.503761,5257671086.681913,,5257671086.681913,top,False,,CoinGecko
quant-network,QNT,Quant,3925768644.0,33.0,269.77,14544176.164081175,14612493.0,14612493.0,14612493.0,top,False,,Binance
bitway,BTW,Bitway,3653372589.0,34.0,1.35,2708142280.000001,10000000000.0,10000000000.0,10000000000.0,top,False,,CoinGecko
bittensor,TAO,Bittensor,3493322455.0,35.0,308.12,11339645.9251,21000000.0,21000000.0,21000000.0,top,False,,Binance
crypto-com-chain,CRO,Cronos,3425573925.0,36.0,0.068847,49751394757.69903,98951408920.6704,100000000000.0,98951408920.6704,top,False,,CoinGecko
shiba-inu,SHIB,Shiba Inu,3408153227.0,37.0,5.78e-06,589238883417090.5,589496065678280.8,,589496065678280.8,top,False,,Binance
pump-fun,PUMP,Pump.fun,2779537078.0,40.0,0.00597918,465448601468.4464,830949263300.2816,1000000000000.0,830949263300.2816,top,True,pump.fun,Binance
aave,AAVE,Aave,2566039496.0,42.0,166.28,15433014.147636557,16000000.0,16000000.0,16000000.0,top,True,aave-v2;aave-v3,Binance
ethena,ENA,Ethena,2549375815.0,43.0,0.252515,10095312500.0,15000000000.0,15000000000.0,15000000000.0,top,False,,Binance
okb,OKB,OKB,2532972312.0,44.0,120.59,21000000.0,21000000.0,21000000.0,21000000.0,top,False,,CoinGecko
ondo-finance,ONDO,Ondo,2503980443.0,46.0,0.514048,4869330647.0,10000000000.0,10000000000.0,10000000000.0,top,True,ondo-yield-assets,Binance
memecore,M,MemeCore,2397550764.0,48.0,1.051,2280738326.2056236,5419728071.712849,10000000000.0,5419728071.712849,top,False,,CoinGecko
mantle,MNT,Mantle,2202636439.0,51.0,0.666989,3302294382.53684,6219316794.889999,6219316794.89,6219316794.889999,top,False,,CoinGecko
polkadot,DOT,Polkadot,2030926208.0,52.0,1.19,1705053573.099819,1705062973.669816,2100000000.0,1705062973.669816,top,False,,Binance
sky,SKY,Sky,1995285997.0,53.0,0.08518,23426209604.24844,23459804203.60596,23462665147.3,23459804203.60596,top,True,sky-lending,Binance
aster-2,ASTER,Aster,1971515956.0,54.0,0.727249,2710487455.6497307,7795741639.234544,8000000000.0,7795741639.234544,top,True,aster-spot,Binance
worldcoin-wld,WLD,Worldcoin,1920974432.0,55.0,0.499677,3844224717.389051,10000000000.0,10000000000.0,10000000000.0,top,False,,Binance
internet-computer,ICP,Internet Computer,1895972299.0,56.0,3.4,556944231.1256752,556946719.4172205,,556946719.4172205,top,False,,Binance
world-liberty-financial,WLFI,World Liberty Financial,1805741558.0,58.0,0.056826,31778337976.0,100000000000.0,100000000000.0,100000000000.0,top,False,,Binance
pepe,PEPE,Pepe,1788802981.0,59.0,4.25e-06,420690000000000.0,420690000000000.0,420690000000000.0,420690000000000.0,top,False,,Binance
morpho,MORPHO,Morpho,1725998119.0,60.0,2.47,699629427.411977,1000000000.0,1000000000.0,1000000000.0,top,False,,Binance
htx-dao,HTX,HTX DAO,1531964968.0,61.0,1.71e-06,898232728634017.2,898232728634017.2,999990000000000.0,898232728634017.2,top,False,,CoinGecko
ethereum-classic,ETC,Ethereum Classic,1450242107.0,65.0,9.16,158323302.2596834,158323749.6452834,210700000.0,158323749.6452834,top,False,,Binance
arbitrum,ARB,Arbitrum,1405669613.0,66.0,0.207197,6785574605.0,10000000000.0,10000000000.0,10000000000.0,top,False,,Binance
bitget-token,BGB,Bitget Token,1386148786.0,67.0,1.98,699992029.6481038,910920874.6481038,2000000000.0,910920874.6481038,top,False,,CoinGecko
venice-token,VVV,Venice Token,1314373863.0,70.0,27.25,48264348.161082506,81072203.07512793,,81072203.07512793,top,True,venice,CoinGecko
polygon-ecosystem-token,POL,POL (ex-MATIC),1254552544.0,71.0,0.118141,10622826613.066843,10622826613.066843,,10622826613.066843,top,False,,Binance
aerodrome-finance,AERO,Aerodrome Finance,807438934.0,87.0,0.810648,995599012.26638,1988034890.229641,,1988034890.229641,buyback,True,aerodrome-v1;aerodrome-slipstream,CoinGecko
ether-fi,ETHFI,Ether.fi,755794512.0,93.0,0.782968,965350000.0,965350000.0,1000000000.0,965350000.0,buyback,True,ether.fi-stake,Binance
curve-dao-token,CRV,Curve DAO,604711164.0,102.0,0.385112,1570200830.0,2422229232.742291,3030303031.0,2422229232.742291,buyback,True,curve-dex;crvusd,Binance
layerzero,ZRO,LayerZero,550514403.0,107.0,1.56,353313325.89,1000000000.0,1000000000.0,1000000000.0,buyback,True,layerzero-v2,Binance
raydium,RAY,Raydium,508380594.0,112.0,1.88,269863602.195736,555000000.0,555000000.0,555000000.0,buyback,True,raydium-amm;launchlab,Binance
pendle,PENDLE,Pendle,408514219.0,124.0,2.35,173624540.35903072,281527448.4585314,,281527448.4585314,buyback,True,pendle-v2;boros,Binance
lido-dao,LDO,Lido DAO,388368005.0,130.0,0.468064,829567764.2043006,1000000000.0,1000000000.0,1000000000.0,buyback,True,lido,Binance
pons,PONS,Pons,360294025.0,135.0,0.52796,682458020.5876343,682383613.0587077,1000000000.0,682383613.0587077,buyback,True,pons-v1,CoinGecko
bonk,BONK,Bonk,328585548.0,137.0,3.74e-06,87994378772068.36,87994378772067.36,87995282867000.55,87994378772067.36,buyback,True,bonkswap;bonk.fun-launchpad,Binance
sun-token,SUN,Sun Token,327944818.0,139.0,0.01706019,19222181989.37517,19900730000.0,19900730000.0,19900730000.0,buyback,True,sunswap-v2,Binance
syrup,SYRUP,Maple Finance,277356085.0,160.0,0.237585,1167271959.1810675,1244677492.511099,,1244677492.511099,buyback,True,maple,Binance
thorchain,RUNE,THORChain,250848431.0,165.0,0.76377,328595815.0,353909676.0,353909702.0,353909676.0,buyback,True,thorchain-dex,Binance
doublezero,2Z,DoubleZero,230579431.0,177.0,0.06646,3469487432.6,9998069932.6,10000000000.0,9998069932.6,buyback,True,doublezero-network;doublezero-edge,Binance
stonk-3,STONK,STONK,221147078.0,183.0,0.272184,812511479.5370291,812100480.5257614,1000000000.0,812100480.5257614,buyback,True,stonkfun,CoinGecko
convex-finance,CVX,Convex Finance,207776311.0,187.0,2.23,93194518.49512771,99992660.07603435,100000000.0,99992660.07603435,buyback,True,convex-finance,Binance
edgex,EDGE,edgeX,184680631.0,198.0,0.527658,350000000.0,1000000000.0,1000000000.0,1000000000.0,buyback,True,edgex-perps,CoinGecko
meteora,MET,Meteora,179259313.0,201.0,0.322012,557101536.445034,997732428.054686,1000000000.0,997732428.054686,buyback,True,meteora-dynamic-bonding-curve,CoinGecko
railgun,RAIL,Railgun,154672060.0,219.0,2.58,60000000.0,60000000.0,100000000.0,60000000.0,buyback,True,railgun,CoinGecko
debridge,DBR,deBridge,131177849.0,245.0,0.02210995,5928741329.0,10000000000.0,10000000000.0,10000000000.0,buyback,True,debridge,CoinGecko
instadapp,FLUID,Fluid,123354216.0,257.0,1.47,83696996.82034639,100000000.0,100000000.0,100000000.0,buyback,True,fluid-lending,CoinGecko
geodnet,GEOD,Geodnet,122558157.0,259.0,0.265065,462370402.618101,961413067.618101,1000000000.0,961413067.618101,buyback,True,geodnet,CoinGecko
dydx-chain,DYDX,dYdX,118623507.0,262.0,0.140243,846094216.4335754,958342751.0,1000000000.0,958342751.0,buyback,True,dydx-v4,Binance
nxm,NXM,Nexus Mutual,113534667.0,266.0,68.15,1665869.158654922,1665869.158654922,,1665869.158654922,buyback,True,nexus-mutual,CoinGecko
reserve-rights-token,RSR,Reserve Rights,104489723.0,281.0,0.0016713,62553174091.0,100000000000.0,100000000000.0,100000000000.0,buyback,True,reserve-protocol,Binance
orca,ORCA,Orca,98870025.0,293.0,1.63,60798762.170284,74999530.400733,100000000.0,74999530.400733,buyback,True,orca-dex,Binance
helium,HNT,Helium,91201810.0,311.0,0.473652,192499582.6716862,192499582.6716862,223000000.0,192499582.6716862,buyback,True,helium-network,CoinGecko
yearn-finance,YFI,yearn.finance,87418323.0,322.0,2423.65,36075.94701468851,36666.0,36666.0,36666.0,buyback,True,yearn-finance,Binance
livepeer,LPT,Livepeer,84871946.0,327.0,1.71,49688954.55,49688954.55,,49688954.55,buyback,True,livepeer,Binance
gmx,GMX,GMX,82152991.0,334.0,7.85,10459593.46168146,10459593.46168146,13250000.0,10459593.46168146,buyback,True,gmx-v1-perps;gmx-v2-perps;gmx-solana,Binance
kaito,KAITO,KAITO,82086334.0,335.0,0.340038,241388889.0,1000000000.0,1000000000.0,1000000000.0,buyback,True,kaito-capital-launchpad,Binance
kinetiq,KNTQ,Kinetiq,81567940.0,336.0,0.29082,280476290.48,1000000000.0,1000000000.0,1000000000.0,buyback,True,kinetiq-khype;kinetiq-launch;kinetiq-validators,CoinGecko
spark-2,SPK,Spark,79077122.0,343.0,0.02358937,3352304587.7036457,10000000000.0,10000000000.0,10000000000.0,buyback,True,sparklend,Binance
sushi,SUSHI,Sushi,76488563.0,356.0,0.26674,286745816.0901894,291514753.9009228,,291514753.9009228,buyback,True,sushiswap;sushiswap-v3,Binance
the-black-bull,ANSEM,The Black Bull,57891219.0,433.0,0.139519,414924455.09054494,997361853.598395,1000000000.0,997361853.598395,buyback,True,ansem.io,CoinGecko
venus,XVS,Venus,57527099.0,435.0,3.41,16865332.848445334,29745107.91112632,30000000.0,29745107.91112632,buyback,True,venus-core-pool,Binance
deep,DEEP,DeepBook,54640982.0,457.0,0.02185578,2500000000.0,10000000000.0,10000000000.0,10000000000.0,buyback,True,deepbook-v3,CoinGecko
vvs-finance,VVS,VVS Finance,48998165.0,493.0,1.12e-06,43550331272463.0,95109375659623.0,100000000000000.0,95109375659623.0,buyback,True,vvs-standard,CoinGecko
velodrome-finance,VELO,Velodrome Finance,46239950.0,518.0,0.03470197,1332253817.187084,2623675044.280895,,2623675044.280895,buyback,True,velodrome-v1;velodrome-v2;velodrome-v3,CoinGecko
ssv-network,SSV,SSV Network,46121298.0,520.0,3.14,14699173.1,14699173.1,,14699173.1,buyback,True,ssv-network,Binance
